[
	{
        "name": "Ginger",
        "imageName" : "Ginger",
        "year" : 2007,
        "price" : 49.98,
        "identifier" : "d0a816c6-0c80-496d-a665-15e84fd7b5c7"
	},
    {
        "name": "Gladiolus",
        "imageName" : "Gladiolus",
        "year" : 2001,
        "price" : 51.99,
        "identifier" : "20f4582b-1de1-444b-bd6d-0b557cb00ed4"
    },
    {
        "name": "Orchid",
        "imageName" : "Orchid",
        "year" : 2007,
        "price" : 16.99,
        "identifier" : "e76a7fcb-a9d9-4064-b540-fe00416906a5"
    },
    {
        "name": "Poinsettia",
        "imageName" : "Poinsettia",
        "year" : 2010,
        "price" : 31.99,
        "identifier" : "56f03597-a820-4a8f-9dfb-7b6ad1145840"
    },
    {
        "name": "Red Rose",
        "imageName" : "RedRose",
        "year" : 2011,
        "price" : 24.99,
        "identifier" : "7390fb56-ea70-485c-8f12-12f7037f5b2b"
    },
    {
        "name": "White Rose",
        "imageName" : "WhiteRose",
        "year" : 2012,
        "price" : 24.99,
        "identifier" : "b98b1ceb-477b-41cb-91a7-4b53918350a4"
    },
    {
        "name": "Mango",
        "imageName" : "Mango",
        "year" : 2013,
        "price" : 6.99,
        "identifier" : "3f6624cc-5105-492c-a307-235e78aac4bc"
    },
    {
        "name": "Peanuts",
        "imageName" : "Peanuts",
        "year" : 2014,
        "price" : 4.99,
        "identifier" : "1782470f-f48e-46fc-aa94-9465f2377847"
    },
    {
        "name": "Cherries",
        "imageName" : "Cherries",
        "year" : 2015,
        "price" : 10.99,
        "identifier" : "fa542e3d-4895-44b6-942f-e112101d5160"
    },
    {
        "name": "Artichoke",
        "imageName" : "Artichoke",
        "year" : 2015,
        "price" : 12.45,
        "identifier" : "ccd8b1d1-cb36-47b3-afb5-32936008d384"
    }
]
